<?xml version="1.0" encoding="UTF-8"?>
<project-private xmlns="http://www.netbeans.org/ns/project-private/1">
    <editor-bookmarks xmlns="http://www.netbeans.org/ns/editor-bookmarks/2" lastBookmarkId="0"/>
    <open-files xmlns="http://www.netbeans.org/ns/projectui-open-files/2">
        <group>
            <file>file:/C:/xampp/htdocs/Sanchari/user/userhome.php</file>
            <file>file:/C:/xampp/htdocs/Sanchari/admin/ambulance.php</file>
            <file>file:/C:/xampp/htdocs/Sanchari/index.php</file>
            <file>file:/C:/xampp/htdocs/Sanchari/user/book.php</file>
            <file>file:/C:/xampp/htdocs/Sanchari/admin/adminlogin.php</file>
            <file>file:/C:/xampp/htdocs/Sanchari/admin/adminregister.php</file>
            <file>file:/C:/xampp/htdocs/Sanchari/admin/adminhome.php</file>
        </group>
    </open-files>
</project-private>
